chr1	100
chr1	120
chr1	140
chr1	200
chr1	220
chr1	240
chr1	300
chr1	320
chr1	340
chr1	400
chr1	420
chr1	440
chr1	500
chr1	520
chr1	540
chr1	600
chr1	620
chr1	640
chr1	700
chr1	720
chr1	740
chr1	800
chr1	820
chr1	840
chr1	900
chr1	920
chr1	940
chr1	1000
chr1	1020
chr1	1040
chr1	1100
chr1	1120
chr1	1140
chr1	1200
chr1	1220
chr1	1240
chr1	1300
chr1	1320
chr1	1340
chr1	1400
chr1	1420
chr1	1440
chr1	1500
chr1	1520
chr1	1540
chr1	1600
chr1	1620
chr1	1640
chr1	1700
chr1	1720
chr1	1740
chr1	1800
chr1	1820
chr1	1840
chr1	1900
chr1	1920
chr1	1940
chr1	2000
chr1	2020
chr1	2040
